Date,TIme,Hours,Organisation,Description,Regularity,Activity Type,Access,Workstreams,Scale,Engagement,Output,Attendance,Location
2025-01-07,14.00-15.00,1.0,UHBW,"Jenny, Weston Hospital",Once,Meeting,Restricted,Social Justice,Small,Nominal,Tangential,Attended,The Other Place
2025-01-20,12.00-13.30,1.5,RENS,"Active Allies: Anti-Racism, Make it Visible",Initiative,Discussion,Targetted,Racial Justice,Medium,Meaningful,Tangential,Attended,The Other Place
2025-01-23,12.00-14.00,2.0,Caafi Health,Womens Health Group & Caafi,Project,Consultation,Targetted,Social Justice,Medium,Recruitment,Unknown,Monitored,The Other Place
2025-01-27,15.00-20.00,5.0,RENS,When Silence Isn't Golden,Once,Discussion,Open,Racial Justice,Medium,Meaningful,Meaningful,Attended,The Other Place
2025-01-28,12.00-15.00,3.0,UWE,Raise Consultation,Project,Consultation,Targetted,Social Justice,Medium,Recruitment,Unknown,Monitored,The Other Place
2025-02-03,16.00-18.00,2.0,RSA,Watch Together: LGBT+ History Month RSA & UK Black Pride,Once,Watch Together,Open,Racial Justice,Small,Nominal,Tangential,Attended,The Other Place
2025-02-05,10.00-16.00,6.0,RENS,"Many Cultures, One Community Launch Day,",Initiative,Event,Open,Cultural Justice,Large,Meaningful,Meaningful,Attended,The Other Place
2025-02-07,12.00-15.00,3.0,Caafi Health,Caafi Health Smear Test Research,Project,Consultation,Targetted,Social Justice,Medium,Recruitment,Unknown,Monitored,The Other Place
2025-02-10,12.00-15.00,3.0,Caafi Health,Caafi Health Smear Test Research,Project,Consultation,Targetted,Social Justice,Medium,Recruitment,Unknown,Monitored,The Other Place
2025-02-25,13.00-15.00,2.0,CANS,"Equalities Alliance meeting with Amy, CANS new lead",Once,Meeting,Restricted,Equalities,Small,Nominal,Tangential,Attended,The Other Place
2025-02-26,16.00-18.00,2.0,Noor,Noor Launch,Once,Event,Open,Social,Medium,Recruitment,Tangential,Attended,The Other Place
2025-02-27,10.00-11.00,1.0,Caafi Health,Oral Health with ESOL,Once,Learning,Targetted,Social Justice,Medium,Recruitment,Unknown,Monitored,The Other Place
2025-02-27,12.00-15.00,3.0,Caafi Health,Caafi Health workshop 27 Feb,Project,Consultation,Targetted,Social Justice,Medium,Recruitment,Unknown,Monitored,The Other Place
2025-03-08,17.00-19.00,2.0,Individual,Community Iftar for Women (Afghan Women),Once,Event,Targetted,Culture,Large,Nominal,Tangential,Attended,The Other Place
2025-03-12,18.00-19.30,1.5,RENS,Building a community asset base meeting,Project,Discussion,Open,Systems Change,Medium,Presentation,Meaningful,Attended,The Other Place
2025-03-13,12.00-13.15,1.25,RWNS,RWNS Volunteers meetings,Regular,Meeting,Restricted,Management,Medium,Nominal,Tangential,Monitored,The Other Place
2025-03-14,12.30-14.00,1.5,RENS,Holi lunch,Once,Event,Open,Culture,Medium,Meaningful,Tangential,Attended,The Other Place
2025-03-14,17.00-19.00,2.0,Individual,Community Iftar for Women (Arabic speaking Women),Once,Event,Targetted,Culture,Large,Nominal,Tangential,Attended,The Other Place
2025-03-21,12.00-14.00,2.0,RENS,Nowruz,Initiative,Event,Open,Culture,Medium,Meaningful,Tangential,Attended,The Other Place
2025-03-24,14.00-15.30,1.5,RENS,Yoga Powered Food,Project,Learning,Open,Social,Small,Meaningful,Tangential,Monitored,The Other Place
2025-03-31,16.00-19.00,3.0,RENS,Cooking Challenge Exhibition Launch,Project,Event,Open,Social,Medium,Meaningful,Tangential,Attended,The Other Place
2025-04-03,09.00-10.00,1.0,Youth Justice,Meeting with Mike O'Connor Youth Justice,Once,Meeting,Restricted,Social Justice,Small,Nominal,Tangential,Attended,The Other Place
2025-04-08,13.00-15.00,2.0,Womankind,Women's Inequalities Workshop (with Refugee women),Once,Learning,Targetted,Social Justice,Medium,Recruitment,Unknown,Monitored,The Other Place
2025-04-09,11.00-12.00,1.0,RENS,Energy Advice Final Session,Project,Meeting,Targetted,Social Justice,Medium,Meaningful,Meaningful,Attended,The Other Place
2025-04-10,16.00-19.00,3.0,NSC,NSC Equalities consultation,Once,Consultation,Targetted,Equalities,Medium,Recruitment,Unknown,Attended,The Other Place
2025-04-11,19.00-21.00,2.0,Hare Krishna,"Kripamoya Das: Kirtan, Lecture & Prasadam",Once,Learning,Public,Culture,Medium,Nominal,Tangential,Monitored,The Other Place
2025-04-11,11.00-15.00,4.0,Individual,Easter - Easter bonnet craft workshop,Project,Workshop,Public,Culture,Small,Nominal,Tangential,Monitored,The Other Place
2025-04-14,11.00-15.00,4.0,Individual,Easter - Easter bonnet craft workshop,Project,Workshop,Public,Culture,Small,Nominal,Tangential,Monitored,The Other Place
2025-04-15,15.00-17.00,2.0,Individual,Easter - Easter high tea,Project,Event,Public,Culture,Medium,Meaningful,Tangential,Attended,The Other Place
2025-04-23,13.30-16.30,3.0,CC&CH,Bereavement LEG,Project,Workshop,Targetted,Social Justice,Medium,Nominal,Unknown,Monitored,The Other Place
2025-04-24,12.00-15.00,3.0,Alliance Homes,Alliance Homes lunch and engagement session,Once,Consultation,Open,Social Justice,Small,Nominal,Unknown,Monitored,The Other Place
2025-04-28,14.00-16.00,2.0,NSC,Equalities Stakeholder Group,Once,Consultation,Targetted,Equalities,Medium,Recruitment,Unknown,Attended,The Other Place
2025-04-28,12.00-13.30,1.5,RENS,Active Allies,Initiative,Discussion,Targetted,Racial Justice,Medium,Meaningful,Tangential,Attended,The Other Place
2025-04-30,13.30-16.30,3.0,CC&CH,Bereavement LEG,Project,Workshop,Targetted,Social Justice,Medium,Nominal,Unknown,Monitored,The Other Place
2025-05-02,18.00-20.00,2.0,Sustainable Living,Shifting Landscapes,Once,Watch Together,Open,Social Justice,Medium,Nominal,Tangential,Attended,The Other Place
2025-05-07,13.30-16.30,3.0,CC&CH,Bereavement LEG,Project,Workshop,Targetted,Social Justice,Medium,Nominal,Unknown,Monitored,The Other Place
2025-05-08,18.30-21.00,2.5,Weston Friends of Palestine,The Big Lie: Censoring Palestine,Once,Watch Together,Open,Racial Justice,Medium,Nominal,Tangential,Attended,The Other Place
2025-05-14,13.30-16.30,3.0,CC&CH,Bereavement LEG,Project,Workshop,Targetted,Social Justice,Medium,Nominal,Unknown,Monitored,The Other Place
2025-05-15,13.00-15.00,2.0,BIW,Watch Together: Standing United as Allies - Black Inclusion Week,Once,Watch Together,Open,Racial Justice,Medium,Nominal,Tangential,Attended,The Other Place
2025-05-21,18.00-20.00,2.0,Interfaith,Watch Together: Interfaith Report Launch,Once,Watch Together,Open,Racial Justice,Small,Nominal,Tangential,Attended,The Other Place
2025-05-21,13.30-16.30,3.0,CC&CH,Bereavement LEG,Project,Workshop,Targetted,Social Justice,Medium,Nominal,Unknown,Monitored,The Other Place
2025-05-22,14.00-16.30,2.5,Individual,"Creative Mandala's, Heal Within",Once,Workshop,Open,Social,Small,Nominal,Tangential,Monitored,The Other Place
2025-05-27,12.30-17.30,5.0,CC&CH,Young People's LEG,Project,Workshop,Targetted,Social Justice,Medium,Nominal,Unknown,Monitored,The Other Place
2025-06-03,12.30-17.30,5.0,CC&CH,Young People's LEG,Project,Workshop,Targetted,Social Justice,Medium,Nominal,Unknown,Monitored,The Other Place
2025-06-10,12.30-17.30,5.0,CC&CH,Young People's LEG,Project,Workshop,Targetted,Social Justice,Medium,Nominal,Unknown,Monitored,The Other Place
2025-06-16,12.30-14.30,2.0,NHS,NHS community connections - Ann O'Malley,Project,Consultation,Open,Social Justice,Small,Nominal,Unknown,Monitored,The Other Place
2025-06-17,12.30-17.30,5.0,CC&CH,Young People's LEG,Project,Workshop,Targetted,Social Justice,Medium,Nominal,Unknown,Monitored,The Other Place
2025-06-18,12.00-14.00,2.0,UN,UN Day for countering hate speech,Initiative,Discussion,Open,Racial Justice,Small,Meaningful,Tangential,Attended,The Other Place
2025-06-19,17.30-19.30,2.0,NSC,Anti-racism framework discussion,Once,Consultation,Targetted,Racial Justice,Small,Recruitment,Unknown,Attended,The Other Place
2025-06-20,16.00-20.00,4.0,UN,World Refugee Day,Initiative,Event,Open,Racial Justice,Medium,Meaningful,Tangential,Attended,The Other Place
2025-06-25,18.00-20.00,2.0,Individual,Birthday celebration (Bayan's friend),Once,Event,Restricted,Social,Medium,Nominal,Tangential,Monitored,The Other Place
2025-06-27,11.00-12.00,1.0,Individual,Menopause Cafe Meeting,Once,Meeting,Targetted,Social,Small,Nominal,Tangential,Monitored,The Other Place
2025-07-03,11.30-15.00,3.5,NSC,Adulthood strategy (Gavin),Once,Consultation,Targetted,Racial Justice,Medium,Recruitment,Meaningful,Monitored,The Other Place
2025-07-07,18.00-19.00,1.0,RSA,RSA Listening & Disagreeing across divides,Once,Learning,Open,Equalities,Large,Nominal,Tangential,Attended,RSA
2025-07-08,14.00-17.00,3.0,Hare Krishna,Bhakti Recovery Group,Once,Meeting,Targetted,Social Justice,Medium,Nominal,Tangential,Monitored,The Other Place
2025-07-17,13.00-15.00,2.0,Weston Hospicecare,Weston Hospicecare EDIT meeting,Once,Meeting,Restricted,Social Justice,Medium,Nominal,Tangential,Monitored,The Other Place
2025-07-23,11.00-15.30,4.5,BSWN,BSWN Meet the Funders,Initiative,Meeting,Targetted,Cultural Justice,Medium,Recruitment,Meaningful,Attended,The Other Place
2025-07-27,13.00-15.00,2.0,Hare Krishna,Kirtan with Sakhyarasa Prema Dasa,Once,Learning,Open,Culture,Medium,Nominal,Tangential,Monitored,The Other Place
2025-07-30,18.00-20.00,2.0,Caafi Health,Black Men's Mental Health,Project,Consultation,Targetted,Racial Justice,Medium,Recruitment,Meaningful,Attended,The Other Place
2025-08-02,15.00-17.00,2.0,Fuego Flamenco,Fuego Flamenco presenta Raices (Roots),Once,Event,Open,Culture,Large,Nominal,Tangential,Attended,The Other Place
2025-08-14,13.00-18.00,5.0,Individual,Wedding party (Wesam),Once,Event,Restricted,Social,Medium,Nominal,Tangential,Attended,The Other Place
2025-08-14,18.30-20.30,2.0,Recovery Dharma,Recovery Dharma,As needed,Meeting,Targetted,Social Justice,Medium,Nominal,Tangential,Monitored,The Other Place
2025-08-15,18.00-20.00,2.0,LHD,Grief as Grace: A Black Womens Audio Archive,Once,Event,Open,Social Justice,Medium,Nominal,Tangential,Attended,The Other Place
2025-08-18,10.00-14.00,4.0,Individual,Bake Sale to support AfriFest Weston!,Project,Event,Open,Social,Large,Meaningful,Meaningful,Monitored,The Other Place
2025-08-21,18.30-20.30,2.0,Recovery Dharma,Recovery Dharma,As needed,Meeting,Targetted,Social Justice,Medium,Nominal,Tangential,Monitored,The Other Place
2025-08-21,15.00-17.00,2.0,ND Connection,"ND Connection, Mental Health Research",Project,Consultation,Targetted,Social Justice,Medium,Recruitment,Unknown,Monitored,The Other Place
2025-08-25,16.00-18.00,2.0,Hare Krishna,Hare Krishna Class and Kirtan,Once,Learning,Open,Culture,Medium,Nominal,Tangential,Monitored,The Other Place
2025-09-02,14.30-15.30,1.0,NSC,Multi-Agency meeting - contingency hotel,Regular,Meeting,Targetted,Racial Justice,Medium,NA,Tangential,Monitored,Online
2025-09-02,10.00-14.00,4.0,BSWN,SWRERN Core Training Session 1,Project,Learning,Restricted,Racial Justice,Medium,Meaningful,Meaningful,Attended,Online
2025-09-02,16.00-19.00,3.0,NSC,Health Creation Lead Induction & Planning Session,Initiative,Meeting,Restricted,Social Justice,Small,Meaningful,Meaningful,Attended,The Other Place
2025-09-03,19.00-20.30,1.5,Weston TUC,Weston TUC against the Far Right,Once,Meeting,Targetted,Racial Justice,Small,Nominal,Tangential,Attended,In Person
2025-09-03,14.00-14.30,0.5,CSE,FEL Catch up,Project,Meeting,Restricted,Social Justice,Small,Nominal,Meaningful,Attended,Online
2025-09-04,11.00-12.00,1.0,SWHT,SW Heritage Forum,Project,Meeting,Restricted,Culture,Small,Meaningful,Meaningful,Attended,The Other Place
2025-09-04,10.00-11.00,1.0,LGBT+Forum,LGBT+ Forum,Once,Meeting,Restricted,Equalities,Small,Meaningful,Tangential,Attended,The Other Place
2025-09-04,13.00-14.00,1.0,SARI,SARI Champions Network,Project,Meeting,Targetted,Racial Justice,Medium,NA,NA,Monitored,Online
2025-09-04,14.00-16.00,2.0,VANS,NS Senior Leaders Forum,Regular,Meeting,Targetted,Strategic,Large,Nominal,Tangential,Attended,In Person
2025-09-05,13:00-14:00,1.0,JHF,JHF Youth Charity - Pippa Gribben/ Kate Debley,Once,Meeting,Restricted,Social Justice,Small,Meaningful,Tangential,Attended,In Person
2025-09-05,12.00-13.00,1.0,RENS,RENS AGM,Regular,Meeting,Targetted,Management,Medium,Meaningful,Meaningful,Attended,The Other Place
2025-09-06,12.00-17.00,5.0,WAM,WAM Onam,Once,Event,Targetted,Culture,Large,Meaningful,Tangential,Attended,In Person
2025-09-08,14.00-15.30,1.5,Police,Police IAG,Regular,Meeting,Targetted,Social Justice,Medium,Nominal,Tangential,Attended,Online
2025-09-09,10.00-14.00,4.0,BSWN,SWRERN Core Training Session 2,Project,Learning,Restricted,Racial Justice,Medium,Meaningful,Meaningful,Attended,Online
2025-09-09,09.30-10.30,1.0,NSC,Big Conversation Intro,Project,Meeting,Restricted,Social Justice,Small,Nominal,Meaningful,Attended,The Other Place
2025-09-10,13.00-14.00,1.0,ICB,Community Chest meeting,Project,Meeting,Targetted,Cultural Justice,Medium,Nominal,Tangential,Attended,Online
2025-09-10,10.30-12.00,1.5,National Centre for Creative Health/MCA,Creative Health Associates: The role of Creative Health connectors,Once,Learning,Open,Culture,Medium,NA,Tangential,Monitored,Online
2025-09-10,14.00-16.00,2.0,BSWN,SWREAG,Project,Meeting,Restricted,Racial Justice,Medium,Meaningful,Meaningful,Attended,Online
2025-09-10,18.00-19.30,1.5,NSC,Health Creation Catch up,Regular,Meeting,Restricted,Social Justice,Small,Meaningful,Meaningful,Attended,The Other Place
2025-09-10,10.30-12.00,1.5,NSC,NST Online,Regular,Meeting,Targetted,Social Justice,Medium,NA,NA,Monitored,Online
2025-09-10,14.00-15.00,1.0,NSC,Opportunity North Somerset,Regular,Meeting,Targetted,Social Justice,Medium,NA,NA,Monitored,Online
2025-09-11,13.00-14.00,1.0,SARI,SARI Champions Network,Project,Meeting,Targetted,Racial Justice,Medium,Meaningful,Tangential,Monitored,Online
2025-09-11,12:00-15:00,3.0,Sirona,Intergrated care @ home - - Claire armour,Once,Meeting,Restricted,Social Justice,Small,Meaningful,Meaningful,Attended,Online
2025-09-11,12.00-14.00,2.0,ICB,One Weston Locality Partnership,Regular,Meeting,Targetted,Social Justice,Medium,Presentation,Tangential,Attended,Online
2025-09-11,09.30-11.30,2.0,Plattform,Storytelling to make changes in the system,Single,Learning,Open,Systems Change,Medium,NA,Meaningful,Monitored,Online
2025-09-12,17.30-20.00,2.5,FYI,Onam FYI,Once,Event,Targetted,Culture,Large,Nominal,Tangential,Attended,In Person
2025-09-12,10.00-11.00,1.0,Individual,Back Street Garden Meeting,Project,Meeting,Restricted,Systems Change,Small,Nominal,Meaningful,Attended,The Other Place
2025-09-15,10.00-11.30,1.5,NSC,Equality Stakeholder Group,Once,Meeting,Targetted,Equalities,Medium,Meaningful,Meaningful,Attended,Online
2025-09-15,12.30-13.30,1.0,Quartet,Quartet - Sabita,Once,Meeting,Restricted,Management,Small,Meaningful,Tangential,Attended,The Other Place
2025-09-16,14.30-15.30,1.0,NSC,Multi-Agency meeting - contingency hotel,Regular,Meeting,Targetted,Racial Justice,Medium,NA,NA,Monitored,Online
2025-09-16,10.00-14.00,4.0,BSWN,SWRERN Core Training Session 3,Project,Learning,Restricted,Racial Justice,Medium,Meaningful,Meaningful,Attended,Online
2025-09-16,13.00-15.00,2.0,CC&CH,"SAVE THE DATE: Exploring co-creation with partners and participants: Designing, managing, and evaluating the process",Once,Learning,Open,Systems Change,Medium,NA,NA,Monitored,Online
2025-09-16,15.00-16.00,1.0,FAHLC,Mark Graham,Once,Meeting,Restricted,Management,Small,Meaningful,Tangential,Attended,In Person
2025-09-17,14.00-15.30,1.5,NSC,Trauma Informed Community of Practice,Regular,Meeting,Targetted,Social Justice,Medium,Meaningful,Tangential,Attended,Online
2025-09-17,16.00-17.00,1.0,Social Roots,Social Roots,Once,Meeting,Restricted,Systems Change,Small,Meaningful,Tangential,Attended,Online
2025-09-18,13:00-14:00,1.0,SARI,SARI Champions Network,Project,Meeting,Targetted,Racial Justice,Medium,NA,NA,Attended,Online
2025-09-18,13.00-16.00,3.0,CANS,Advice First Aid,Once,Learning,Restricted,Social Justice,Small,Meaningful,Meaningful,Attended,The Other Place
2025-09-18,11.00-12.00,1.0,Brigstowe,Brigstowe/Common Ambition visit to TOP,Once,Meeting,Restricted,Social Justice,Small,Meaningful,Meaningful,Attended,The Other Place
2025-09-18,16.00-17.00,1.0,NSC,Health Creation Catch up with Becky,Regular,Meeting,Restricted,Social Justice,Small,Meaningful,Meaningful,Attended,The Other Place
2025-09-18,18.00-21.00,3.0,CSE,CSE FEL,Project,Consultation,Open,Systems Change,Medium,Recruitment,Meaningful,Attended,The Other Place
2025-09-19,11.00-11.50,1.0,NSC,Catch up with Mandy Bishop,Once,Meeting,Restricted,Management,Small,Meaningful,Tangential,Attended,The Other Place
2025-09-22,19.00-20.00,1.0,WTC,Weston Town Council (CoS motion),Regular,Meeting,Open,Racial Justice,Large,Meaningful,Meaningful,Attended,In Person
2025-09-22,14.00-15.00,1.0,Fire Brigade,Fire Inspection,Once,Meeting,Restricted,Management,Small,Meaningful,Meaningful,Attended,The Other Place
2025-09-23,15.00-16.00,1.0,Police,Lee Kerslake,Once,Meeting,Restricted,Racial Justice,Small,Meaningful,Meaningful,Attended,The Other Place
2025-09-23,10.00-14.00,4.0,BSWN,SWRERN Core Training Session 4,Project,Learning,Restricted,Racial Justice,Medium,Meaningful,Meaningful,Attended,Online
2025-09-23,14.00-14.30,0.5,180DC,180 Degrees Consulting,Project,Meeting,Restricted,Management,Small,Meaningful,Meaningful,Attended,Online
2025-09-23,12.00-15.00,3.0,SWHT,SWHT Photos,Project,Workshop,Open,Culture,Medium,Nominal,Meaningful,Monitored,The Other Place
2025-09-24,10.00-10.30,0.5,VANS,Check in for VANS webinar,Project,Meeting,Restricted,Racial Justice,Small,Meaningful,Meaningful,Attended,Online
2025-09-24,10:30-12:30,2.0,WESPORT,Building Active Communties,Once,Meeting,Targetted,Social Justice,Medium,Meaningful,Meaningful,Attended,In Person
2025-09-24,13.00-15.00,2.0,NSC,North Somerset Safeguarding Adults Board Meeting,Regular,Meeting,Targetted,Social Justice,Medium,Nominal,Tangential,Attended,Online
2025-09-24,15.00-16.30,1.5,NSC,Opportunity North Somerset,Regular,Meeting,Targetted,Social Justice,Medium,NA,NA,Monitored,Online
2025-09-24,14.00-16.00,2.0,NSC,Trauma Transformation Collaborative,Regular,Meeting,Targetted,Social Justice,Medium,Meaningful,Tangential,Attended,Online
2025-09-24,11.00-15.00,4.0,SWHT,SWHT Photos,Project,Workshop,Open,Culture,Medium,Nominal,Meaningful,Monitored,The Other Place
2025-09-24,18.00-20.00,2.0,Caafi Health,Black Men's Mental Health,Project,Consultation,Targetted,Racial Justice,Medium,Recruitment,Meaningful,Attended,The Other Place
2025-09-25,18.00-20.00,2.0,Super Culture,Selfcare & Creative Practice - LHD,Once,Workshop,Targetted,Cultural Justice,Small,Nominal,NA,Monitored,The Other Place
2025-09-25,14.00-15.00,1.0,VANS,Ageing Well Webinar - Centering Racial Equity in Services for Older Adults in NS,Project,Meeting,Open,Racial Justice,Medium,Presentation,Meaningful,Attended,Online
2025-09-25,16.00-17.00,1.0,Bristol University,How to Turn the Tide on the Racial Backlash Against EDI (DEI),Once,Learning,Open,Racial Justice,Medium,Nominal,Tangential,Attended,Online
2025-09-25,13.00-14.00,1.0,SARI,SARI Champions Network,Project,Meeting,Targetted,Racial Justice,Medium,NA,NA,Monitored,Online
2025-09-25,09.00-12.00,2.0,CC&CH,CC&CH Community Meeting,Project,Meeting,Open,Social Justice,Large,Meaningful,Tangential,Attended,In Person
2025-09-25,18.00-20.00,2.0,Super Culture,Selfcare and Creative Practice,Once,Workshop,Targetted,Cultural Justice,Small,Nominal,Tangential,Monitored,The Other Place
2025-09-26,10.30-12.00,1.5,ICB,BNSSG Diverse Research Engagement Network,Regular,Meeting,Targetted,Racial Justice,Large,Nominal,Tangential,Attended,Online
2025-09-26,14.30-15.30,1.0,NSC,Mead Vale Meeting,Once,Meeting,Restricted,Racial Justice,Small,Meaningful,Meaningful,Attended,The Other Place
2025-09-26,18.00-21.00,3.0,Hare Krishna,A Bhagavad Gita talk by Adi Guru Das,Once,Learning,Open,Culture,Medium,Nominal,Tangential,Monitored,The Other Place
2025-09-26,12.00-15.00,3.0,SWHT,SWHT Photos,Project,Workshop,Open,Culture,Medium,Nominal,Meaningful,Monitored,The Other Place
2025-09-27,10.30-12.00,1.5,Individual,Men's NA Meeting,Once,Meeting,Restricted,Social Justice,Small,Nominal,Tangential,Attended,The Other Place
2025-09-29,15.30-16.30,1.0,BSWN,SWREAG Debrief,Project,Meeting,Restricted,Racial Justice,Small,Meaningful,Meaningful,Attended,Online
2025-09-29,14.00-16.00,2.0,NSC,Mental Health Awareness in Sport and Physical Activity,Once,Meeting,Targetted,Social Justice,Medium,Meaningful,Tangential,Attended,In Person
2025-09-29,14.00-14.45,1.0,Quay,Quay Research Meeting,Project,Meeting,Restricted,Management,Small,Meaningful,Tangential,Attended,Online
2025-09-29,12.00-15.00,3.0,SWHT,SWHT Photos,Project,Workshop,Open,Culture,Medium,Nominal,Meaningful,Monitored,The Other Place
2025-09-30,14.30-15.30,1.0,NSC,Multi-Agency meeting - contingency hotel,Regular,Meeting,Targetted,Racial Justice,Medium,NA,NA,Monitored,Online
2025-09-30,10.00-14.00,2.0,BSWN,SWRERN Core Training Session 5,Project,Learning,Restricted,Racial Justice,Medium,Meaningful,Meaningful,Attended,Online
2025-09-30,14.00-17.00,3.0,NSC,JSNA Co-design Workshop,Regular,Meeting,Targetted,Social Justice,Large,Meaningful,Tangential,Attended,In Person
2025-09-30,12.00-15.00,3.0,SWHT,SWHT Photos,Project,Workshop,Open,Culture,Medium,Nominal,Meaningful,Monitored,The Other Place
2025-10-01,09.00-10.00,1.0,Walliscote School,BHM Assembley at Walliscote School,Once,Event,Restricted,Culture,Large,Meaningful,Tangential,Attended,In Person
2025-10-01,18.30-20.00,1.5,Weston TUC,Weston TUC meeting,Regular,Meeting,Targetted,Social Justice,Small,Nominal,Tangential,Monitored,The Other Place
2025-10-02,11.30-12.30,1.0,VANS,Follow up to Ageing Well Webinar,Project,Meeting,Restricted,Racial Justice,Small,Meaningful,Meaningful,Attended,The Other Place
2025-10-02,13.30-14.15,1.0,Access Social Care,Access Social Care,Once,Meeting,Restricted,Social Justice,Small,Meaningful,Meaningful,Attended,Online
2025-10-03,09.00-10.00,1.0,MP,Interfaith meeting with MP,Once,Meeting,Targetted,Racial Justice,Medium,Meaningful,Meaningful,Attended,In Person
2025-10-03,14.30-15.30,1.0,NSC,Mead Vale Meeting with Cllrs,Once,Meeting,Restricted,Racial Justice,Small,Meaningful,Meaningful,Attended,The Other Place
2025-10-04,09.30-11.00,1.5,Afri Lounge,BHM Nigerian Independence Party,Once,Event,Open,Culture,Large,Nominal,Tangential,Attended,In Person
2025-10-06,14.00-15.00,1.0,Police,Lee & Farida,Once,Meeting,Restricted,Racial Justice,Small,Meaningful,Meaningful,Attended,The Other Place
2025-10-06,12.30-14.30,1.0,RENS,RENS Leadership Team Meeting,Regular,Meeting,Restricted,Management,Small,Meaningful,Meaningful,Attended,The Other Place
2025-10-08,16.00-17.00,1.0,WTC,Caroline Reynolds re Sanctuary Group,Once,Meeting,Restricted,Racial Justice,Small,Meaningful,Meaningful,Attended,The Other Place
2025-10-08,15.00-16.00,1.0,NHS UoB,Capacity of VCSE organisations to support research,Once,Meeting,Restricted,Social Justice,Small,Meaningful,Meaningful,Attended,Online
2025-10-08,14.00-15.00,1.0,NSC,Opportunity North Somerset,Regular,Meeting,Targetted,Social Justice,Medium,NA,NA,Monitored,Online
2025-10-08,18.00-19.00,1.0,VANS,VANS AGM,Regular,Meeting,Targetted,Management,Large,Nominal,Tangential,Attended,In Person
2025-10-08,18.00-20.00,2.0,RWNS,RWNS Training Meeting,Once,Learning,Targetted,Management,Medium,Nominal,Tangential,Monitored,The Other Place
2025-10-08,11.00-15.00,4.0,Avon Wildlife Trust,Ebdon Farm Consultation,Project,Consultation,Open,Social Justice,Medium,Nominal,Unknown,Monitored,The Other Place
2025-10-09,10.00-11.30,1.5,NSC,RHINS - HCAW Final Planning,Regular,Meeting,Targetted,Racial Justice,Medium,Meaningful,Tangential,Attended,Online
2025-10-09,17.00-19.00,2.0,RENS,BHM Launch,Initiative,Event,Open,Racial Justice,Medium,Meaningful,Tangential,Attended,The Other Place
2025-10-10,11.00-12.00,1.0,Weston College,Jason Selormey,Once,Meeting,Restricted,Racial Justice,Small,Meaningful,Tangential,Attended,The Other Place
2025-10-11,11.00-14.00,3.0,BSWN,CultureBiz Connect Artist Showcase,Project,Event,Open,Cultural Justice,Large,Nominal,Tangential,Attended,In Person
2025-10-13,15.00-16.00,1.0,Individual,Back Street Garden meeting,Project,Meeting,Restricted,Social Justice,Small,Nominal,Tangential,Attended,The Other Place
2025-10-13,10.00-11.00,1.0,Quay,Quay Research Meeting,Project,Meeting,Restricted,Management,Small,Meaningful,Tangential,Attended,Online
2025-10-13,13.30-14.30,1.0,Walliscote School,Walliscote School visit for BHM,Project,Learning,Restricted,Racial Justice,Large,Meaningful,Tangential,Attended,The Other Place
2025-10-14,14.30-15.30,1.0,NSC,Multi-Agency meeting - contingency hotel,Regular,Meeting,Targetted,Racial Justice,Medium,NA,Tangential,Monitored,Online
2025-10-14,15.35-16.40,1.0,180DC,180 Degrees Consulting,Project,Meeting,Restricted,Management,Small,Meaningful,Meaningful,Attended,Online
2025-10-14,14.00-15.30,1.5,Inclusive Companies,Watch Together: Standing Firm in Power and Pride,Once,Watch Together,Open,Racial Justice,Small,Nominal,Tangential,Attended,The Other Place
2025-10-15,10.00-12.00,2.0,CC&CH,Evaluating Programmes and Creative Engagement Initiatives,Once,Learning,Open,Culture,Medium,NA,NA,Monitored,Online
2025-10-15,14.00-15.00,1.0,REIN,REIN Network BHM,Once,Event,Targetted,Racial Justice,Small,Nominal,Tangential,Attended,In Person
2025-10-15,09.30-12.30,1.0,Good Practice Mentor Team,An introduction to creating space for Involvement,Once,Learning,Open,Systems Change,Medium,NA,NA,Monitored,Online
2025-10-15,16.00-16.30,1.5,CPS,RENS & Community Power Solutions,Project,Meeting,Restricted,Management,Small,Meaningful,Meaningful,Attended,Online
2025-10-16,11.00-12.00,1.0,Individual,Olawunmi Book Launch,Once,Event,Open,Cultural Justice,Large,Nominal,Tangential,Attended,The Other Place
2025-10-16,14.00-16.00,2.0,SARI,SARI Champions hate Crime Awareness Week,Once,Meeting,Targetted,Racial Justice,Medium,Nominal,Tangential,Monitored,Online
2025-10-16,15.30-17.00,1.5,Betterway,Betterway: Changing the operating model,Once,Learning,Open,Systems Change,Medium,Nominal,Tangential,Attended,Online
2025-10-16,12.00-15.00,3.0,SWHT,SWHT Filming,Project,Workshop,Targetted,Culture,Small,Nominal,Meaningful,Monitored,The Other Place
2025-10-17,19.00-23.00,4.0,LHD,BHM Forum Power & Pride,Once,Event,Open,Cultural Justice,Large,Nominal,Tangential,Attended,In Person
2025-10-17,11.00-12.00,1.0,NSC,Sarah Murch LARP,Once,Meeting,Restricted,Social Justice,Small,Meaningful,Meaningful,Attended,The Other Place
2025-10-18,19.30-21.30,2.0,Front Room,Long Time Gal,Once,Event,Open,Culture,Large,Nominal,Tangential,Attended,In Person
2025-10-19,13.30-16.00,2.5,WECA,Citizens Assembly for Culture,Project,Event,Restricted,Cultural Justice,Large,Nominal,Tangential,Attended,In Person
2025-10-20,16.00-20.00,4.0,FYI,Diwali,Once,Event,Open,Culture,Large,Nominal,Tangential,Attended,In Person
2025-10-20,14.00-15.00,1.0,NSC,Business Intelligence Network,Regular,Meeting,Targetted,Social Justice,Medium,NA,NA,Monitored,Online
2025-10-20,14.00-15.00,1.0,NSC,Mental Health Strategy Group,Regular,Meeting,Targetted,Social Justice,Medium,Meaningful,Tangential,Attended,In Person
2025-10-20,13.30-14.30,1.0,Walliscote School,Walliscote School visit for BHM,Project,Learning,Open,Racial Justice,Large,Meaningful,Tangential,Attended,The Other Place
2025-10-21,09.00-10.00,1.0,BSWN,BSWN - Community Development Worker,Once,Meeting,Restricted,Racial Justice,Small,Meaningful,Meaningful,Attended,Online
2025-10-21,10.00-14.00,4.0,BSWN,SWRERN Impact Session 1,Project,Learning,Restricted,Racial Justice,Medium,Meaningful,Meaningful,Attended,Online
2025-10-21,10.00-11.30,1.5,BSWN,UnMuseum Working Group Meeting,Project,Meeting,Restricted,Racial Justice,Medium,Meaningful,Tangential,Attended,Online
2025-10-21,14.00-16.00,2.0,NSC,Climate & Sustainability Partnership,Regular,Meeting,Targetted,Social Justice,Medium,NA,NA,Monitored,Online
2025-10-21,11.00-13.00,2.0,NSC,NS Male Health Group,Regular,Meeting,Targetted,Social Justice,Medium,Meaningful,Tangential,Attended,In Person
2025-10-21,14.00-16.00,2.0,RENS,RENS Leadership Team Meeting,Regular,Meeting,Restricted,Management,Small,Meaningful,Meaningful,Attended,The Other Place
2025-10-21,16.00-17.00,1.0,RENS,RENS Trustee Meeting,Regular,Meeting,Restricted,Management,Small,Meaningful,Meaningful,Attended,The Other Place
2025-10-21,16.00-17.00,1.0,RENS,RENS Trustees,Regular,Meeting,Restricted,Management,Small,Meaningful,Meaningful,Attended,The Other Place
2025-10-21,13.30-14.30,1.0,Walliscote School,Walliscote School visit for BHM,Project,Learning,Open,Racial Justice,Large,Meaningful,Tangential,Attended,The Other Place
2025-10-22,11.00-12.30,1.5,NSC,NS Safeguarding Adults Board P&P Subgroup,Regular,Meeting,Targetted,Social Justice,Medium,Meaningful,Meaningful,Attended,Online
2025-10-22,09.00-10.00,1.0,Betterway,A Betterway Drop-in,Regular,Meeting,Targetted,Systems Change,Small,Meaningful,Tangential,Attended,Online
2025-10-22,13.30-14.30,1.0,Baobab,Baobab - Community Fund Webinar,Once,Meeting,Targetted,Management,Medium,Nominal,Tangential,Attended,Online
2025-10-22,18.00-21.00,3.0,UWE,Watch Together: BHM Thriving While Leading,Once,Watch Together,Open,Racial Justice,Small,Nominal,Tangential,Attended,The Other Place
2025-10-23,16.00-17.00,1.0,NSC,Health Creation Catch up,Regular,Meeting,Restricted,Social Justice,Small,Meaningful,Meaningful,Attended,The Other Place
2025-10-23,10.00-11.30,1.5,NSC,Trauma Informed Framework Action Planning,Regular,Meeting,Targetted,Social Justice,Medium,Meaningful,Meaningful,Attended,Online
2025-10-23,12.15-12.45,0.5,180DC,180 Degrees Consulting,Project,Meeting,Targetted,Management,Small,Meaningful,Meaningful,Attended,Online
2025-10-23,17.30-21.00,3.5,NSC,The Big Conversation Consultation,Project,Consultation,Open,Social Justice,Medium,Recruitment,Unknown,Monitored,The Other Place
2025-10-24,10.30-12.00,1.5,BNSSG,Diverse Research Engagement Network,Regular,Meeting,Targetted,Racial Justice,Large,Meaningful,Meaningful,Attended,Online
2025-10-24,3 days,48.0,Ella Baker,Ella Baker Weekend,Once,Workshop,Restricted,Racial Justice,Large,Meaningful,Meaningful,Attended,In Person
2025-10-27,09.00-10.00,1.0,Betterway,Race Equity Co-Learning Lab,Once,Meeting,Restricted,Racial Justice,Small,Meaningful,Meaningful,Attended,Online
2025-10-28,14.30-15.30,1.0,NSC,Multi-Agency meeting - contingency hotel,Regular,Meeting,Targetted,Racial Justice,Medium,NA,Tangential,Monitored,Online
2025-10-28,15.30-17.00,1.5,RWNS,RWNS/RENS Discussion,Once,Meeting,Restricted,Racial Justice,Small,Meaningful,Meaningful,Attended,The Other Place
2025-10-28,10.00-14.00,4.0,BSWN,SWRERN Impact Session 2,Project,Learning,Restricted,Racial Justice,Medium,Meaningful,Meaningful,Attended,Online
2025-10-29,10.30-11.00,0.5,VANS,David Crossman Research Proposal,Project,Meeting,Restricted,Racial Justice,Small,Meaningful,Meaningful,Attended,The Other Place
2025-10-29,11.00-12.00,1.0,BSWN,Research Proposal Development,Project,Meeting,Restricted,Racial Justice,Small,Meaningful,Meaningful,Attended,Online
2025-10-29,15.00-16.15,1.0,NSC,Opportunity North Somerset,Regular,Meeting,Targetted,Social Justice,Medium,NA,NA,Monitored,Online
2025-10-29,15.00-17.30,2.5,SWHT,SWHT Podcasting,Project,Workshop,Open,Culture,Small,Nominal,Meaningful,Monitored,The Other Place
2025-10-30,14.00-15.30,1.5,BCC,Bristol Race Equality Practitioners Group,Regular,Meeting,Targetted,Racial Justice,Medium,NA,NA,Monitored,Online
2025-10-30,10.00-12.00,2.0,NSC,Gypsy & Traveller Meeting,Regular,Meeting,Targetted,Racial Justice,Medium,NA,NA,Monitored,Online
2025-10-30,12.00-12.45,1.0,West of England Zero Carbon,GBECF Pre App call Race Equality North Somerset,Project,Meeting,Restricted,Systems Change,Small,Meaningful,Meaningful,Attended,Online
2025-10-30,11.00-11.30,0.5,CPS,RENS and Community Power Solutions,Project,Meeting,Restricted,Systems Change,Small,Meaningful,Meaningful,Attended,Online
2025-10-30,12.00-13.00,1.0,Alliance Homes,Alliance BHM visit,Initiative,Meeting,Restricted,Cultural Justice,Medium,Nominal,Meaningful,Attended,The Other Place
2025-10-31,12.00-13.00,1.0,BSWN,AfriFest Funding,Once,Meeting,Restricted,Cultural Justice,Small,Meaningful,Meaningful,Attended,Online
2025-10-31,18.00-22.00,4.0,Tithe Barn,Nailsea BHM,Once,Event,Open,Culture,Large,Nominal,Tangential,Attended,In Person
2025-10-31,09.30-11.00,1.5,MP,Multi Faith Breakfast,Initiative,Meeting,Targetted,Racial Justice,Medium,Meaningful,Meaningful,Attended,In Person
